,Date,Adj Close,daily_return
0,2017-01-03,3.315000057220459,
1,2017-01-04,3.359999895095825,0.013574611492796596
2,2017-01-05,3.25,-0.032738065038745545
3,2017-01-06,3.200000047683716,-0.015384600712702867
4,2017-01-09,3.125,-0.023437514551915006
5,2017-01-10,3.125,0.0
6,2017-01-11,3.400000095367432,0.08800003051757832
7,2017-01-12,3.25,-0.04411767387060084
8,2017-01-13,3.3499999046325684,0.030769201425405734
9,2017-01-17,3.3499999046325684,0.0
10,2017-01-18,3.4825000762939453,0.039552291174142606
11,2017-01-19,3.974999904632568,0.1414213402868716
12,2017-01-20,4.199999809265137,0.05660375095112524
13,2017-01-23,3.75,-0.10714281659547786
14,2017-01-24,3.799999952316284,0.013333320617675781
15,2017-01-25,3.799999952316284,0.0
16,2017-01-26,3.775000095367432,-0.006578909805936561
17,2017-01-27,3.900000095367432,0.03311258194493716
18,2017-01-30,4.0,0.025641000560833627
19,2017-01-31,3.872499942779541,-0.031875014305114746
20,2017-02-01,3.799999952316284,-0.018721753785545303
21,2017-02-02,3.849999904632568,0.013157882353605377
22,2017-02-03,3.799999952316284,-0.01298700092333005
23,2017-02-06,3.849999904632568,0.013157882353605377
24,2017-02-07,3.849999904632568,0.0
25,2017-02-08,3.799999952316284,-0.01298700092333005
26,2017-02-09,3.799999952316284,0.0
27,2017-02-10,3.875,0.019736854901274414
28,2017-02-13,3.900000095367432,0.006451637514176101
29,2017-02-14,3.875,-0.006410280706692362
30,2017-02-15,3.849999904632568,-0.00645163751417599
31,2017-02-16,3.849999904632568,0.0
32,2017-02-17,3.875,0.006493531425117771
33,2017-02-21,3.974999904632568,0.025806427001952903
34,2017-02-22,3.849999904632568,-0.03144654163496252
35,2017-02-23,3.974999904632568,0.03246753327177809
36,2017-02-24,3.799999952316284,-0.04402514629304377
37,2017-02-27,3.799999952316284,0.0
38,2017-02-28,3.900000095367432,0.02631582744894323
39,2017-03-01,3.849999904632568,-0.012820561413384612
40,2017-03-02,3.775000095367432,-0.01948047042154244
41,2017-03-03,3.75,-0.006622541651882696
42,2017-03-06,3.700000047683716,-0.013333320617675781
43,2017-03-07,3.575000047683716,-0.0337837833483956
44,2017-03-08,3.625,0.013986000461365
45,2017-03-09,3.612499952316284,-0.0034482890161974256
46,2017-03-10,3.700000047683716,0.02422148000620128
47,2017-03-13,3.700000047683716,0.0
48,2017-03-14,3.5999999046325684,-0.02702706534118826
49,2017-03-15,3.424999952316284,-0.048611099153388904
50,2017-03-16,3.450000047683716,0.007299298019120881
51,2017-03-17,3.849999904632568,0.11594198591892968
52,2017-03-20,3.625,-0.05844153511843819
53,2017-03-21,4.125,0.13793103448275867
54,2017-03-22,4.574999809265137,0.1090908628521543
55,2017-03-23,4.400000095367432,-0.038251305178920725
56,2017-03-24,4.300000190734863,-0.022727250560256596
57,2017-03-27,4.1875,-0.026162833894116
58,2017-03-28,4.224999904632568,0.008955201106285005
59,2017-03-29,3.775000095367432,-0.10650883299943437
60,2017-03-30,3.4749999046325684,-0.07947024719363982
61,2017-03-31,3.625,0.04316549625439259
62,2017-04-03,3.674999952316284,0.013793090294147436
63,2017-04-04,3.7274999618530273,0.01428571706610593
64,2017-04-05,3.9375,0.05633803897950318
65,2017-04-06,3.849999904632568,-0.022222246442522464
66,2017-04-07,3.900000095367432,0.012987062850235542
67,2017-04-10,3.849999904632568,-0.012820561413384612
68,2017-04-11,3.799999952316284,-0.01298700092333005
69,2017-04-12,3.75,-0.013157882353605488
70,2017-04-13,4.0,0.06666666666666665
71,2017-04-17,3.75,-0.0625
72,2017-04-18,3.650000095367432,-0.02666664123535145
73,2017-04-19,3.625,-0.006849341017596711
74,2017-04-20,3.625,0.0
75,2017-04-21,3.625,0.0
76,2017-04-24,3.625,0.0
77,2017-04-25,3.724999904632568,0.02758618058829465
78,2017-04-26,3.799999952316284,0.020134241504393913
79,2017-04-27,3.849999904632568,0.013157882353605377
80,2017-04-28,3.900000095367432,0.012987062850235542
81,2017-05-01,3.737499952316284,-0.04166670232756453
82,2017-05-02,3.849999904632568,0.03010032207400104
83,2017-05-03,3.625,-0.05844153511843819
84,2017-05-04,3.5999999046325684,-0.006896578032394962
85,2017-05-05,3.525000095367432,-0.02083328090332026
86,2017-05-08,3.5999999046325684,0.021276541059871645
87,2017-05-09,3.650000095367432,0.01388894223872672
88,2017-05-10,3.5,-0.04109591546526581
89,2017-05-11,3.525000095367432,0.007142884390694881
90,2017-05-12,3.5,-0.007092225444273681
91,2017-05-15,3.5,0.0
92,2017-05-16,3.4749999046325684,-0.00714288439069477
93,2017-05-17,3.724999904632568,0.07194244801754412
94,2017-05-18,3.650000095367432,-0.02013417749940416
95,2017-05-19,3.75,0.027397233430072276
96,2017-05-22,3.724999904632568,-0.0066666920979818745
97,2017-05-23,3.625,-0.026845612669198715
98,2017-05-24,3.5,-0.03448275862068961
99,2017-05-25,3.575000047683716,0.021428585052490234
100,2017-05-26,3.625,0.013986000461365
101,2017-05-30,3.424999952316284,-0.0551724269472319
102,2017-05-31,3.275000095367432,-0.04379557928093081
103,2017-06-01,3.400000095367432,0.03816793781985406
104,2017-06-02,3.450000047683716,0.014705867915830284
105,2017-06-05,3.450000047683716,0.0
106,2017-06-06,3.450000047683716,0.0
107,2017-06-07,3.325000047683716,-0.036231883557196864
108,2017-06-08,3.3499999046325684,0.007518753861753602
109,2017-06-09,3.5,0.04477614914555761
110,2017-06-12,3.375,-0.0357142857142857
111,2017-06-13,3.400000095367432,0.007407435664424256
112,2017-06-14,3.4749999046325684,0.022058766812190767
113,2017-06-15,3.5,0.0071942722456204145
114,2017-06-16,3.4549999237060547,-0.012857164655412978
115,2017-06-19,3.25,-0.05933427734671515
116,2017-06-20,3.325000047683716,0.02307693774883557
117,2017-06-21,3.3499999046325684,0.007518753861753602
118,2017-06-22,3.450000047683716,0.029850789820280887
119,2017-06-23,3.200000047683716,-0.07246376711439373
120,2017-06-26,3.4749999046325684,0.08593745401594854
121,2017-06-27,3.849999904632568,0.1079136720263163
122,2017-06-28,3.700000047683716,-0.03896100276999037
123,2017-06-29,3.625,-0.02027028289652799
124,2017-06-30,3.674999952316284,0.013793090294147436
125,2017-07-03,3.700000047683716,0.006802747127023556
126,2017-07-05,3.625,-0.02027028289652799
127,2017-07-06,3.875,0.06896551724137923
128,2017-07-07,3.75,-0.032258064516129004
129,2017-07-10,3.674999952316284,-0.020000012715657545
130,2017-07-11,3.75,0.020408176505266162
131,2017-07-12,3.549999952316284,-0.05333334604899087
132,2017-07-13,3.674999952316284,0.03521126807859276
133,2017-07-14,3.634999990463257,-0.01088434350259404
134,2017-07-17,3.625,-0.0027510290204931787
135,2017-07-18,3.849999904632568,0.06206893920898415
136,2017-07-19,3.712500095367432,-0.035714237057431375
137,2017-07-20,3.724999904632568,0.003366951904117954
138,2017-07-21,3.799999952316284,0.020134241504393913
139,2017-07-24,3.625,-0.04605261960848528
140,2017-07-25,3.75,0.034482758620689724
141,2017-07-26,3.724999904632568,-0.0066666920979818745
142,2017-07-27,3.724999904632568,0.0
143,2017-07-28,3.724999904632568,0.0
144,2017-07-31,3.625,-0.026845612669198715
145,2017-08-01,3.799999952316284,0.04827584891483694
146,2017-08-02,3.974999904632568,0.04605261960848517
147,2017-08-03,3.799999952316284,-0.04402514629304377
148,2017-08-04,3.630000114440918,-0.04473680000225866
149,2017-08-07,3.575000047683716,-0.015151533064255318
150,2017-08-08,3.700000047683716,0.034965034498667835
151,2017-08-09,3.5999999046325684,-0.02702706534118826
152,2017-08-10,3.5999999046325684,0.0
153,2017-08-11,3.587500095367432,-0.0034721693322966596
154,2017-08-14,3.505000114440918,-0.022996509751469274
155,2017-08-15,3.575000047683716,0.019971449631168925
156,2017-08-16,3.5,-0.020979034037302835
157,2017-08-17,3.5999999046325684,0.028571401323590928
158,2017-08-18,3.559999942779541,-0.011111100809073515
159,2017-08-21,3.525000095367432,-0.009831417970412093
160,2017-08-22,3.424999952316284,-0.02836883414061986
161,2017-08-23,3.424999952316284,0.0
162,2017-08-24,3.424999952316284,0.0
163,2017-08-25,3.575000047683716,0.04379564889219578
164,2017-08-28,3.450000047683716,-0.034965034498667724
165,2017-08-29,3.299999952316284,-0.04347828791136965
166,2017-08-30,3.3324999809265137,0.009848493660558288
167,2017-08-31,3.375,0.012753194093543696
168,2017-09-01,3.375,0.0
169,2017-09-05,3.525000095367432,0.04444447270146146
170,2017-09-06,3.5,-0.007092225444273681
171,2017-09-07,3.375,-0.0357142857142857
172,2017-09-08,3.194999933242798,-0.05333335311324505
173,2017-09-11,3.2249999046325684,0.009389662603004112
174,2017-09-12,3.25,0.007751967785028402
175,2017-09-13,3.150000095367432,-0.030769201425405512
176,2017-09-14,3.125,-0.007936537971601543
177,2017-09-15,3.1600000858306885,0.011200027465820384
178,2017-09-18,3.125,-0.011075976227857498
179,2017-09-19,3.212500095367432,0.028000030517578267
180,2017-09-20,3.25,0.011673121718080104
181,2017-09-21,3.3499999046325684,0.030769201425405734
182,2017-09-22,3.299999952316284,-0.014925359325276832
183,2017-09-25,3.3499999046325684,0.015151500920837613
184,2017-09-26,3.299999952316284,-0.014925359325276832
185,2017-09-27,3.375,0.022727287505283966
186,2017-09-28,3.4124999046325684,0.011111082854094345
187,2017-09-29,3.400000095367432,-0.0036629478723698705
188,2017-10-02,3.424999952316284,0.00735289889636026
189,2017-10-03,3.5,0.02189782444609789
190,2017-10-04,3.4749999046325684,-0.00714288439069477
191,2017-10-05,3.525000095367432,0.014388544491240829
192,2017-10-06,3.549999952316284,0.007092157807798927
193,2017-10-09,3.5,-0.01408449379940424
194,2017-10-10,3.5,0.0
195,2017-10-11,3.549999952316284,0.014285700661795575
196,2017-10-12,3.539999961853028,-0.0028168987598807815
197,2017-10-13,3.5,-0.011299424374030087
198,2017-10-16,3.575000047683716,0.021428585052490234
199,2017-10-17,3.549999952316284,-0.006993033575937835
200,2017-10-18,3.622499942779541,0.020422532799177162
201,2017-10-19,4.050000190734863,0.11801249267302993
202,2017-10-20,4.125,0.018518470551362576
203,2017-10-23,3.875,-0.06060606060606055
204,2017-10-24,3.875,0.0
205,2017-10-25,3.799999952316284,-0.01935485101515244
206,2017-10-26,3.825000047683716,0.0065789725476688155
207,2017-10-27,4.099999904632568,0.07189538654133676
208,2017-10-30,4.074999809265137,-0.006097584377790843
209,2017-10-31,4.050000190734863,-0.006134876000100209
210,2017-11-01,4.074999809265137,0.006172745025411208
211,2017-11-02,3.849999904632568,-0.05521470310771481
212,2017-11-03,3.775000095367432,-0.01948047042154244
213,2017-11-06,3.625,-0.039735123596819966
214,2017-11-07,3.724999904632568,0.02758618058829465
215,2017-11-08,3.674999952316284,-0.013422806334599247
216,2017-11-09,3.724999904632568,0.013605429378242384
217,2017-11-10,3.5999999046325684,-0.03355704783899305
218,2017-11-13,3.525000095367432,-0.02083328090332026
219,2017-11-14,3.625,0.028368766504145215
220,2017-11-15,3.549999952316284,-0.020689668326542288
221,2017-11-16,3.549999952316284,0.0
222,2017-11-17,3.619999885559082,0.019718291319166026
223,2017-11-20,3.575000047683716,-0.012430894833693196
224,2017-11-21,3.625,0.013986000461365
225,2017-11-22,3.724999904632568,0.02758618058829465
226,2017-11-24,3.700000047683716,-0.0067113711648049135
227,2017-11-27,3.5,-0.05405406624492348
228,2017-11-28,3.4749999046325684,-0.00714288439069477
229,2017-11-29,3.625,0.04316549625439259
230,2017-11-30,3.625,0.0
231,2017-12-01,3.4749999046325684,-0.041379336653084575
232,2017-12-04,3.525000095367432,0.014388544491240829
233,2017-12-05,3.525000095367432,0.0
234,2017-12-06,3.299999952316284,-0.06382982608903864
235,2017-12-07,3.400000095367432,0.03030307408973054
236,2017-12-08,3.375,-0.007352969019470135
237,2017-12-11,3.3499999046325684,-0.007407435664424145
238,2017-12-12,3.400000095367432,0.014925430495004166
239,2017-12-13,3.375,-0.007352969019470135
240,2017-12-14,3.325000047683716,-0.014814800686306473
241,2017-12-15,3.375,0.015037579428341719
242,2017-12-18,3.450000047683716,0.022222236350730507
243,2017-12-19,3.4749999046325684,0.007246335247339308
244,2017-12-20,3.375,-0.02877695176315176
245,2017-12-21,3.799999952316284,0.12592591179741763
246,2017-12-22,3.575000047683716,-0.05921050196209077
247,2017-12-26,3.575000047683716,0.0
248,2017-12-27,3.575000047683716,0.0
249,2017-12-28,3.5999999046325684,0.006992966885427165
250,2017-12-29,3.5999999046325684,0.0
251,2018-01-02,3.700000047683716,0.02777781825006853
252,2018-01-03,3.525000095367432,-0.0472972838002631
253,2018-01-04,3.724999904632568,0.05673753300829021
254,2018-01-05,3.6675000190734863,-0.01543621128354189
255,2018-01-08,3.5799999237060547,-0.023858239921573765
256,2018-01-09,3.875,0.08240225770411702
257,2018-01-10,3.724999904632568,-0.038709702030305104
258,2018-01-11,3.674999952316284,-0.013422806334599247
259,2018-01-12,3.674999952316284,0.0
260,2018-01-16,3.625,-0.013605429378242606
261,2018-01-17,3.5,-0.03448275862068961
262,2018-01-18,3.625,0.03571428571428581
263,2018-01-19,3.625,0.0
264,2018-01-22,3.525000095367432,-0.02758618058829465
265,2018-01-23,3.549999952316284,0.007092157807798927
266,2018-01-24,3.4749999046325684,-0.02112677427918841
267,2018-01-25,3.5,0.0071942722456204145
268,2018-01-26,3.625,0.03571428571428581
269,2018-01-29,3.650000095367432,0.006896578032395073
270,2018-01-30,3.724999904632568,0.020547892412475566
271,2018-01-31,3.625,-0.026845612669198715
272,2018-02-01,3.700000047683716,0.020689668326542288
273,2018-02-02,3.75,0.01351350045186761
274,2018-02-05,3.525000095367432,-0.05999997456868478
275,2018-02-06,3.549999952316284,0.007092157807798927
276,2018-02-07,3.5999999046325684,0.01408449379940424
277,2018-02-08,3.6050000190734863,0.001388920714826547
278,2018-02-09,3.4749999046325684,-0.03606105790654868
279,2018-02-12,3.575000047683716,0.028777020372816597
280,2018-02-13,3.5999999046325684,0.006992966885427165
281,2018-02-14,3.5,-0.02777775202268362
282,2018-02-15,3.5,0.0
283,2018-02-16,3.450000047683716,-0.014285700661795464
284,2018-02-20,3.5,0.014492739601511984
285,2018-02-21,3.3550000190734863,-0.041428565979003906
286,2018-02-22,3.3499999046325684,-0.0014903470678068187
287,2018-02-23,3.3499999046325684,0.0
288,2018-02-26,3.299999952316284,-0.014925359325276832
289,2018-02-27,3.3550000190734863,0.016666687136948966
290,2018-02-28,3.275000095367432,-0.023844984575632555
291,2018-03-01,3.400000095367432,0.03816793781985406
292,2018-03-02,3.5999999046325684,0.05882347166332136
293,2018-03-05,3.5,-0.02777775202268362
294,2018-03-06,3.549999952316284,0.014285700661795575
295,2018-03-07,3.5999999046325684,0.01408449379940424
296,2018-03-08,3.5,-0.02777775202268362
297,2018-03-09,3.5999999046325684,0.028571401323590928
298,2018-03-12,3.539999961853028,-0.016666651213610106
299,2018-03-13,3.4749999046325684,-0.018361598282739755
300,2018-03-14,3.5999999046325684,0.035971224008772174
301,2018-03-15,3.525000095367432,-0.02083328090332026
302,2018-03-16,3.625,0.028368766504145215
303,2018-03-19,3.575000047683716,-0.013793090294147325
304,2018-03-20,3.575000047683716,0.0
305,2018-03-21,3.875,0.08391606945870045
306,2018-03-22,3.825000047683716,-0.012903213500976562
307,2018-03-23,3.849999904632568,0.006535910231946662
308,2018-03-26,3.875,0.006493531425117771
309,2018-03-27,3.775000095367432,-0.025806427001953014
310,2018-03-28,4.012499809265137,0.06291382990669514
311,2018-03-29,3.924999952316284,-0.021806818967769037
312,2018-04-02,4.175000190734863,0.06369432903331496
313,2018-04-03,4.150000095367432,-0.005988046521030466
314,2018-04-04,4.425000190734863,0.06626508169828949
315,2018-04-05,4.724999904632568,0.06779654259130874
316,2018-04-06,5.425000190734863,0.14814821168906023
317,2018-04-09,5.025000095367432,-0.07373273388092694
318,2018-04-10,4.449999809265137,-0.11442791546061659
319,2018-04-11,4.224999904632568,-0.0505617784890926
320,2018-04-12,4.375,0.035502981953434265
321,2018-04-13,4.340000152587891,-0.007999965122767905
322,2018-04-16,4.449999809265137,0.02534554212207918
323,2018-04-17,4.425000190734863,-0.0056178920453485715
324,2018-04-18,4.5,0.016949108707875915
325,2018-04-19,4.699999809265137,0.0444444020589192
326,2018-04-20,4.75,0.010638338885950116
327,2018-04-23,5.074999809265137,0.06842101247687093
328,2018-04-24,4.974999904632568,-0.019704415446480272
329,2018-04-25,4.625,-0.07035174097323282
330,2018-04-26,4.675000190734863,0.01081085205078125
331,2018-04-27,4.5,-0.03743319435188197
332,2018-04-30,4.5,0.0
333,2018-05-01,4.275000095367432,-0.04999997880723739
334,2018-05-02,4.375,0.02339179003549785
335,2018-05-03,4.525000095367432,0.03428573608398433
336,2018-05-04,4.425000190734863,-0.022099425972376352
337,2018-05-07,4.150000095367432,-0.06214691152855345
338,2018-05-08,4.5,0.0843373244794059
339,2018-05-09,4.550000190734863,0.011111153496636383
340,2018-05-10,4.625,0.01648347387278326
341,2018-05-11,4.625,0.0
342,2018-05-14,4.599999904632568,-0.005405426025390625
343,2018-05-15,4.625,0.005434803453420622
344,2018-05-16,4.474999904632568,-0.0324324530524176
345,2018-05-17,4.525000095367432,0.011173227217972093
346,2018-05-18,4.474999904632568,-0.011049765675375856
347,2018-05-21,4.625,0.03351957509812453
348,2018-05-22,4.474999904632568,-0.0324324530524176
349,2018-05-23,4.449999809265137,-0.005586613608986046
350,2018-05-24,4.5,0.011235998399541591
351,2018-05-25,4.474999904632568,-0.005555576748318192
352,2018-05-29,4.449999809265137,-0.005586613608986046
353,2018-05-30,4.400000095367432,-0.011235891245119367
354,2018-05-31,4.349999904632568,-0.011363679466167786
355,2018-06-01,4.324999809265137,-0.005747148486326958
356,2018-06-04,4.449999809265137,0.0289017353786285
357,2018-06-05,4.400000095367432,-0.011235891245119367
358,2018-06-06,4.099999904632568,-0.06818186005284876
359,2018-06-07,4.199999809265137,0.02439022120941492
360,2018-06-08,4.449999809265137,0.05952381222696812
361,2018-06-11,4.375,-0.016853890444890163
362,2018-06-12,4.400000095367432,0.005714307512555861
363,2018-06-13,4.300000190734863,-0.022727250560256596
364,2018-06-14,4.375,0.017441815334505728
365,2018-06-15,5.0,0.1428571428571428
366,2018-06-18,4.775000095367432,-0.044999980926513694
367,2018-06-19,4.900000095367432,0.02617800994837083
368,2018-06-20,5.525000095367432,0.12755101792567092
369,2018-06-21,5.5,-0.004524904060796975
370,2018-06-22,6.349999904632568,0.15454543720592162
371,2018-06-25,6.050000190734863,-0.047244050142243865
372,2018-06-26,6.074999809265137,0.004132168221838928
373,2018-06-27,6.150000095367432,0.01234572649498844
374,2018-06-28,5.912499904632568,-0.038617916593816526
375,2018-06-29,5.925000190734863,0.002114213328358927
376,2018-07-02,5.5,-0.0717299876883466
377,2018-07-03,5.824999809265137,0.05909087441184302
378,2018-07-05,5.875,0.008583724012374061
379,2018-07-06,5.922500133514404,0.008085129108834854
380,2018-07-09,5.375,-0.09244408968708939
381,2018-07-10,5.25,-0.023255813953488413
382,2018-07-11,5.349999904632568,0.019047600882393878
383,2018-07-12,5.400000095367432,0.00934583021049562
384,2018-07-13,5.375,-0.004629647208502563
385,2018-07-16,5.425000190734863,0.00930236106695137
386,2018-07-17,5.375,-0.009216624696208542
387,2018-07-18,5.875,0.09302325581395343
388,2018-07-19,5.75,-0.021276595744680882
389,2018-07-20,5.875,0.021739130434782705
390,2018-07-23,5.849999904632568,-0.004255335381690539
391,2018-07-24,5.875,0.004273520645296847
392,2018-07-25,5.724999904632568,-0.02553193112637131
393,2018-07-26,5.824999809265137,0.01746723254120064
394,2018-07-27,5.699999809265137,-0.021459228170476075
395,2018-07-30,5.724999904632568,0.0043859817901739095
396,2018-07-31,5.574999809265137,-0.026200890456968273
397,2018-08-01,5.599999904632568,0.00448432219242112
398,2018-08-02,5.550000190734863,-0.008928520490927738
399,2018-08-03,5.599999904632568,0.00900895714943828
400,2018-08-06,5.625,0.00446430282021093
401,2018-08-07,5.489999771118164,-0.024000040690104196
402,2018-08-08,5.625,0.024590206650289215
403,2018-08-09,5.925000190734863,0.053333367241753526
404,2018-08-10,6.125,0.03375524098343208
405,2018-08-13,7.5,0.22448979591836737
406,2018-08-14,6.550000190734863,-0.12666664123535154
407,2018-08-15,7.449999809265137,0.13740451791182307
408,2018-08-16,7.0,-0.060402660508191985
409,2018-08-17,6.849999904632568,-0.021428585052490234
410,2018-08-20,6.449999809265137,-0.0583941753191729
411,2018-08-21,6.550000190734863,0.015503935570057026
412,2018-08-22,6.512499809265137,-0.005725248912629266
413,2018-08-23,6.599999904632568,0.01343571561306578
414,2018-08-24,6.275000095367432,-0.049242396054736015
415,2018-08-27,5.625,-0.10358567099422022
416,2018-08-28,5.5,-0.022222222222222254
417,2018-08-29,5.699999809265137,0.03636360168457031
418,2018-08-30,5.637499809265137,-0.010964912647612457
419,2018-08-31,5.474999904632568,-0.028824817761501698
420,2018-09-04,5.414999961853027,-0.010958893849253415
421,2018-09-05,5.125,-0.053554933314124864
422,2018-09-06,4.800000190734863,-0.0634145969297828
423,2018-09-07,4.099999904632568,-0.14583338714307992
424,2018-09-10,4.25,0.036585389964996606
425,2018-09-11,5.5,0.2941176470588236
426,2018-09-12,5.050000190734863,-0.08181814713911573
427,2018-09-13,5.0,-0.00990102749433508
428,2018-09-14,5.099999904632568,0.019999980926513672
429,2018-09-17,5.420000076293945,0.06274513287161154
430,2018-09-18,5.679999828338623,0.04797043328133288
431,2018-09-19,6.230000019073486,0.0968310224220088
432,2018-09-20,6.820000171661377,0.09470307396172917
433,2018-09-21,6.670000076293945,-0.02199414832725599
434,2018-09-24,6.110000133514404,-0.08395801145038273
435,2018-09-25,5.7210001945495605,-0.06366610973232423
436,2018-09-26,5.659999847412109,-0.010662531911040052
437,2018-09-27,5.800000190734863,0.024735043656717748
438,2018-09-28,5.579999923706055,-0.037931079274832635
439,2018-10-01,5.534999847412109,-0.008064529912046647
440,2018-10-02,5.329999923706055,-0.03703702427415645
441,2018-10-03,5.369999885559082,0.007504683381911681
442,2018-10-04,5.5,0.024208587935078407
443,2018-10-05,5.5,0.0
444,2018-10-08,5.269999980926514,-0.04181818528608838
445,2018-10-09,5.210000038146973,-0.01138518842442049
446,2018-10-10,5.050000190734863,-0.030710143232362874
447,2018-10-11,4.789999961853027,-0.051485191893428706
448,2018-10-12,4.75,-0.008350722791562015
449,2018-10-15,4.800000190734863,0.01052635594418172
450,2018-10-16,4.659999847412109,-0.02916673703325845
451,2018-10-17,4.5,-0.03433473232857809
452,2018-10-18,4.78000020980835,0.06222226884629989
453,2018-10-19,4.730000019073486,-0.01046029048958308
454,2018-10-22,4.489999771118164,-0.050740009933939456
455,2018-10-23,4.510000228881836,0.004454445163299292
456,2018-10-24,4.570000171661377,0.013303756038703485
457,2018-10-25,4.619999885559082,0.010940856021790513
458,2018-10-26,4.550000190734863,-0.015151449471464185
459,2018-10-29,4.150000095367432,-0.08791210518670955
460,2018-10-30,3.650000095367432,-0.12048192494215615
461,2018-10-31,3.700000047683716,0.013698616715036138
462,2018-11-01,4.25,0.14864863384545002
463,2018-11-02,4.146999835968018,-0.02423533271340761
464,2018-11-05,4.300000190734863,0.03689422734957293
465,2018-11-06,4.349999904632568,0.011627839925551386
466,2018-11-07,4.420000076293945,0.016091993838167618
467,2018-11-08,4.550000190734863,0.02941179008981365
468,2018-11-09,4.400000095367432,-0.03296705254493748
469,2018-11-12,4.199999809265137,-0.04545460949259217
470,2018-11-13,4.400000095367432,0.04761911790117157
471,2018-11-14,4.269999980926514,-0.029545479914373063
472,2018-11-15,4.150000095367432,-0.02810301782086755
473,2018-11-16,3.9800000190734863,-0.04096387286441594
474,2018-11-19,3.75,-0.05778894923900746
475,2018-11-20,3.7200000286102295,-0.007999992370605447
476,2018-11-21,3.890000104904175,0.045698944888840964
477,2018-11-23,3.8350000381469727,-0.014138834260663091
478,2018-11-26,3.829999923706055,-0.0013038107930067877
479,2018-11-27,4.019999980926514,0.04960837101965443
480,2018-11-28,4.190000057220459,0.04228857639316819
481,2018-11-29,4.400000095367432,0.050119340162081416
482,2018-11-30,4.050000190734863,-0.07954543114693746
483,2018-12-03,4.150000095367432,0.02469133331433837
484,2018-12-04,3.9700000286102295,-0.04337350906524862
485,2018-12-06,4.010000228881836,0.010075617124267078
486,2018-12-07,3.9179999828338623,-0.0229427034405999
487,2018-12-10,3.900000095367432,-0.0045941520023721205
488,2018-12-11,3.900000095367432,0.0
489,2018-12-12,3.9800000190734863,0.02051280044866699
490,2018-12-13,4.050000190734863,0.017587982745204123
491,2018-12-14,3.900000095367432,-0.03703705884028963
492,2018-12-17,4.159999847412109,0.06666660145816783
493,2018-12-18,4.429999828338623,0.06490384394953219
494,2018-12-19,4.550000190734863,0.02708811897205954
495,2018-12-20,4.75,0.04395600019366919
496,2018-12-21,4.28000020980835,-0.09894732425087371
497,2018-12-24,4.389999866485596,0.02570085310397019
498,2018-12-26,4.300000190734863,-0.020501065714788158
499,2018-12-27,4.150000095367432,-0.034883741561368864
500,2018-12-28,4.175000190734863,0.006024119227211244
501,2018-12-31,4.269999980926514,0.02275443972493063
502,2019-01-02,4.329999923706055,0.01405150891043383
503,2019-01-03,4.449999809265137,0.027713599924586996
504,2019-01-04,4.380000114440918,-0.015730269174051625
505,2019-01-07,4.480000019073486,0.022831027858393638
506,2019-01-08,4.360000133514404,-0.026785688626827175
507,2019-01-09,4.400000095367432,0.009174302896359121
508,2019-01-10,4.230000019073486,-0.0386363801384757
509,2019-01-11,4.210000038146973,-0.004728127857288822
510,2019-01-14,4.269999980926514,0.014251767751990219
511,2019-01-15,4.400000095367432,0.030444991808339594
512,2019-01-16,4.400000095367432,0.0
513,2019-01-17,4.46999979019165,0.015909021206140128
514,2019-01-18,4.466000080108643,-0.0008947897697410001
515,2019-01-22,4.210000038146973,-0.057321996724066904
516,2019-01-23,4.28000020980835,0.016627119008812974
517,2019-01-24,4.119999885559082,-0.037383251496717174
518,2019-01-25,4.25,0.031553426711631305
519,2019-01-28,4.25,0.0
520,2019-01-29,4.300000190734863,0.01176475076114425
521,2019-01-30,4.275000095367432,-0.005813975408954342
522,2019-01-31,4.300000190734863,0.005847975394087879
523,2019-02-01,4.300000190734863,0.0
524,2019-02-04,4.349999904632568,0.011627839925551386
525,2019-02-05,4.25,-0.02298848432756806
526,2019-02-06,4.21999979019165,-0.007058872896082313
527,2019-02-07,4.21999979019165,0.0
528,2019-02-08,4.190000057220459,-0.007108941815807235
529,2019-02-11,4.289999961853027,0.023866325362034813
530,2019-02-12,4.289999961853027,0.0
531,2019-02-13,4.400000095367432,0.025641056991266398
532,2019-02-14,4.525000095367432,0.02840909029334049
533,2019-02-15,5.119999885559082,0.13149166356942055
534,2019-02-19,5.079999923706055,-0.007812492724042275
535,2019-02-20,5.25,0.033464582450214664
536,2019-02-21,5.389999866485596,0.026666641235351562
537,2019-02-22,5.389999866485596,0.0
538,2019-02-25,5.5,0.020408188541593875
539,2019-02-26,5.519999980926514,0.0036363601684570312
540,2019-02-27,5.570000171661377,0.00905800559920844
541,2019-02-28,5.46999979019165,-0.017953389297634348
542,2019-03-01,5.400000095367432,-0.012797019654321784
543,2019-03-04,5.480000019073486,0.01481480042466754
544,2019-03-05,5.440000057220459,-0.007299263086460783
545,2019-03-06,5.630000114440918,0.034926480739329024
546,2019-03-07,5.440000057220459,-0.03374778922883326
547,2019-03-08,5.610000133514404,0.031250013695920176
548,2019-03-11,5.510000228881836,-0.01782529451918624
549,2019-03-12,5.650000095367432,0.0254083231706157
550,2019-03-13,6.300000190734863,0.11504426272494794
551,2019-03-14,6.449999809265137,0.023809462537933257
552,2019-03-15,7.230000019073486,0.12093026866263057
553,2019-03-18,6.949999809265137,-0.038727553121670866
554,2019-03-19,6.960000038146973,0.0014388818929900182
555,2019-03-20,6.869999885559082,-0.012931056335432456
556,2019-03-21,6.0,-0.12663754003662275
557,2019-03-22,6.139999866485596,0.023333311080932617
558,2019-03-25,5.940000057220459,-0.03257325954627621
559,2019-03-26,5.989999771118164,0.008417460171052937
560,2019-03-27,5.940000057220459,-0.008347197964645559
561,2019-03-28,5.96999979019165,0.0050504600475087535
562,2019-03-29,6.139999866485596,0.028475725673097196
563,2019-04-01,5.920000076293945,-0.0358305855009039
564,2019-04-02,6.079999923706055,0.02702700090373522
565,2019-04-03,6.03000020980835,-0.008223637257420813
566,2019-04-04,5.949999809265137,-0.013267064305086618
567,2019-04-05,6.099999904632568,0.02521010086989528
568,2019-04-08,6.0,-0.01639342724524051
569,2019-04-09,6.019999980926514,0.0033333301544189453
570,2019-04-10,6.03000020980835,0.001661167593608015
571,2019-04-11,6.0,-0.004975158999091178
572,2019-04-12,6.380000114440918,0.06333335240681959
573,2019-04-15,6.627999782562256,0.038871420638378895
574,2019-04-16,6.579999923706055,-0.007241982563500504
575,2019-04-17,6.269999980926514,-0.047112453856221315
576,2019-04-18,6.349999904632568,0.012759158524627834
577,2019-04-22,6.380000114440918,0.004724442560457787
578,2019-04-23,6.449999809265137,0.010971738803856157
579,2019-04-24,6.599999904632568,0.02325582942684168
580,2019-04-25,6.650000095367432,0.0075757865844463534
581,2019-04-26,6.699999809265137,0.007518753861753602
582,2019-04-29,6.800000190734863,0.014925430495003944
583,2019-04-30,6.579999923706055,-0.032352979537936366
584,2019-05-01,6.599999904632568,0.0030395108143479455
585,2019-05-02,6.699999809265137,0.015151500920837613
586,2019-05-03,6.670000076293945,-0.004477572212719494
587,2019-05-06,6.889999866485596,0.0329834764130752
588,2019-05-07,7.539999961853027,0.09433963831104974
589,2019-05-08,8.270000457763672,0.0968170423877881
590,2019-05-09,8.699999809265137,0.05199508194679625
591,2019-05-10,8.920000076293945,0.025287387569194797
592,2019-05-13,9.399999618530272,0.05381160741376978
593,2019-05-14,8.4399995803833,-0.10212766777718985
594,2019-05-15,8.699999809265137,0.03080571585407932
595,2019-05-16,8.489999771118164,-0.024137935948381428
596,2019-05-17,8.109999656677246,-0.04475855414432717
597,2019-05-20,7.449999809265137,-0.0813809957277506
598,2019-05-21,7.489999771118164,0.005369122533839699
599,2019-05-22,7.010000228881836,-0.0640853881047142
600,2019-05-23,7.179999828338623,0.024251011969496528
601,2019-05-24,6.869999885559082,-0.04317548052800879
602,2019-05-28,6.599999904632568,-0.03930130792200748
603,2019-05-29,7.239999771118164,0.096969678141416
604,2019-05-30,7.019999980926514,-0.030386712313068664
605,2019-05-31,7.610000133514404,0.08404560601010447
606,2019-06-03,6.710000038146973,-0.11826545066718663
607,2019-06-04,6.639999866485596,-0.010432216283669082
608,2019-06-05,6.03000020980835,-0.0918674200215166
609,2019-06-06,6.5,0.07794357775098448
610,2019-06-07,6.320000171661377,-0.02769228128286505
611,2019-06-10,6.829999923706055,0.08069616110637079
612,2019-06-11,6.369999885559082,-0.06734993313109294
613,2019-06-12,6.829999923706055,0.0722135080708246
614,2019-06-13,7.46999979019165,0.0937042274721318
615,2019-06-14,7.909999847412109,0.058902285084156736
616,2019-06-17,8.5,0.07458914841583963
617,2019-06-18,8.449999809265137,-0.005882375380572125
618,2019-06-19,8.800000190734863,0.04142016442248475
619,2019-06-20,8.899999618530273,0.011363571094088698
620,2019-06-21,9.25,0.039325887243973234
621,2019-06-24,9.0,-0.027027027027026973
622,2019-06-25,8.739999771118164,-0.028888914320204018
623,2019-06-26,8.859999656677246,0.013729964382336535
624,2019-06-27,9.470000267028809,0.06884883002132414
625,2019-06-28,9.390000343322754,-0.008447721378064377
626,2019-07-01,9.359999656677246,-0.003194961187284906
627,2019-07-02,8.710000038146973,-0.06944440623633741
628,2019-07-03,8.880000114440918,0.019517804311067755
629,2019-07-05,8.710000038146973,-0.01914415248908452
630,2019-07-08,8.859999656677246,0.017221540513584932
631,2019-07-09,8.65999984741211,-0.022573342778225647
632,2019-07-10,8.619999885559082,-0.004618933320764462
633,2019-07-11,8.9399995803833,0.03712293492721597
634,2019-07-12,8.5600004196167,-0.04250550096226169
635,2019-07-15,8.449999809265137,-0.012850537962530661
636,2019-07-16,8.270000457763672,-0.02130169888336586
637,2019-07-17,8.270000457763672,0.0
638,2019-07-18,8.25,-0.002418434904062905
639,2019-07-19,8.100000381469727,-0.018181771943063474
640,2019-07-22,7.889999866485596,-0.025925988283228563
641,2019-07-23,7.75,-0.017743963099451254
642,2019-07-24,7.710000038146973,-0.005161285400390625
643,2019-07-25,7.989999771118164,0.036316437300367044
644,2019-07-26,8.279999732971191,0.03629536547689316
645,2019-07-29,8.260000228881836,-0.0024153991225044358
646,2019-07-30,8.0,-0.03147702441614009
647,2019-07-31,7.510000228881836,-0.06124997138977051
648,2019-08-01,7.190000057220459,-0.04260987508771641
649,2019-08-02,6.849999904632568,-0.04728792070682253
650,2019-08-05,6.909999847412109,0.008759115856186162
651,2019-08-06,6.550000190734863,-0.052098359569728636
652,2019-08-07,6.829999923706055,0.04274804959048062
653,2019-08-08,6.860000133514404,0.004392417297725437
654,2019-08-09,6.730000019073486,-0.018950453631305986
655,2019-08-12,6.929999828338623,0.02971765359558942
656,2019-08-13,7.289999961853027,0.05194807250099309
657,2019-08-14,6.769999980926514,-0.07133058760597522
658,2019-08-15,6.849999904632568,0.011816827759445037
659,2019-08-16,6.880000114440918,0.004379592733725568
660,2019-08-19,7.449999809265137,0.0828487914742626
661,2019-08-20,7.599999904632568,0.02013424150439369
662,2019-08-21,7.630000114440918,0.003947396076947607
663,2019-08-22,7.260000228881836,-0.04849277588591405
664,2019-08-23,6.96999979019165,-0.03994496274759074
665,2019-08-26,7.079999923706055,0.01578194215575146
666,2019-08-27,6.940000057220459,-0.019773992654552486
667,2019-08-28,7.0,0.008645524824904882
668,2019-08-29,7.090000152587891,0.012857164655412978
669,2019-08-30,7.070000171661377,-0.002820871720180973
670,2019-09-03,7.010000228881836,-0.00848655464253567
671,2019-09-04,7.119999885559082,0.01569181927042429
672,2019-09-05,7.150000095367432,0.0042135126812568036
673,2019-09-06,7.389999866485596,0.03356640110727582
674,2019-09-09,7.460000038146973,0.00947228321056337
675,2019-09-10,7.710000038146973,0.03351206417179853
676,2019-09-11,7.980000019073486,0.035019452605788315
677,2019-09-12,7.800000190734863,-0.022556369412079502
678,2019-09-13,8.069999694824219,0.03461532019064184
679,2019-09-16,8.109999656677246,0.004956624952375366
680,2019-09-17,8.220000267028809,0.01356357768289107
681,2019-09-18,8.140000343322754,-0.009732350499663811
682,2019-09-19,8.069999694824219,-0.008599587904926431
683,2019-09-20,8.270000457763672,0.024783242937137295
684,2019-09-23,8.270000457763672,0.0
685,2019-09-24,8.069999694824219,-0.024183887771335844
686,2019-09-25,8.220000267028809,0.01858743220285297
687,2019-09-26,8.149999618530273,-0.008515893701283028
688,2019-09-27,8.220000267028809,0.008589037027606494
689,2019-09-30,8.25,0.0036496024326815313
690,2019-10-01,8.109999656677246,-0.016969738584576177
691,2019-10-02,8.050000190734863,-0.00739820819757786
692,2019-10-03,7.78000020980835,-0.03354036950673245
693,2019-10-04,7.670000076293945,-0.014138834260663091
694,2019-10-07,7.71999979019165,0.006518867457673494
695,2019-10-08,7.53000020980835,-0.02461134527810449
696,2019-10-09,7.760000228881836,0.03054449039375795
697,2019-10-10,7.71999979019165,-0.005154695555459998
698,2019-10-11,7.420000076293945,-0.03886006762316996
699,2019-10-14,7.0,-0.056603783285096965
700,2019-10-15,7.28000020980835,0.04000002997262131
701,2019-10-16,7.059999942779541,-0.030219816028631663
702,2019-10-17,7.070000171661377,0.0014164630259045907
703,2019-10-18,6.980000019073486,-0.01272986568637402
704,2019-10-21,7.130000114440918,0.021489984950937346
705,2019-10-22,7.289999961853027,0.022440370945864263
706,2019-10-23,7.46999979019165,0.024691334606381732
707,2019-10-24,7.489999771118164,0.0026773736932059755
708,2019-10-25,7.150000095367432,-0.04539381657417252
709,2019-10-28,6.960000038146973,-0.02657343422184877
710,2019-10-29,7.019999980926514,0.00862068138659322
711,2019-10-30,6.71999979019165,-0.04273507002136323
712,2019-10-31,6.630000114440918,-0.01339280930962139
713,2019-11-01,6.679999828338623,0.007541434846856099
714,2019-11-04,6.550000190734863,-0.019461024093482937
715,2019-11-05,6.630000114440918,0.012213728454423034
716,2019-11-06,7.170000076293945,0.08144795664133464
717,2019-11-07,6.900000095367432,-0.03765690070481453
718,2019-11-08,6.840000152587891,-0.008695643760907257
719,2019-11-11,6.710000038146973,-0.019005864260358662
720,2019-11-12,6.579999923706055,-0.019374085499531346
721,2019-11-13,6.739999771118164,0.02431608651478423
722,2019-11-14,6.650000095367432,-0.013353068072256224
723,2019-11-15,6.679999828338623,0.004511237976085214
724,2019-11-18,6.449999809265137,-0.03443114146466819
725,2019-11-19,6.300000190734863,-0.02325575549859793
726,2019-11-20,6.159999847412109,-0.022222276045109735
727,2019-11-21,6.25,0.014610414743062128
728,2019-11-22,6.355000019073486,0.016800003051757884
729,2019-11-25,6.389999866485596,0.0055074504023702175
730,2019-11-26,6.449999809265137,0.009389662603004112
731,2019-11-27,6.760000228881836,0.04806208198198658
732,2019-11-29,6.789999961853027,0.004437830170924917
733,2019-12-02,6.639999866485596,-0.02209132492049315
734,2019-12-03,6.579999923706055,-0.009036136142469231
735,2019-12-04,6.329999923706055,-0.037993921413177256
736,2019-12-05,6.360000133514404,0.004739369695092366
737,2019-12-06,6.349999904632568,-0.0015723629987268728
738,2019-12-09,6.110000133514404,-0.03779524011379509
739,2019-12-10,6.539999961853027,0.07037640244555798
740,2019-12-11,6.650000095367432,0.016819592378596537
741,2019-12-12,6.570000171661377,-0.012030063542673441
742,2019-12-13,6.519999980926514,-0.007610378908440629
743,2019-12-16,6.550000190734863,0.004601259186520101
744,2019-12-17,6.329999923706055,-0.03358782604922739
745,2019-12-18,6.210000038146973,-0.018957328120918104
746,2019-12-19,6.175000190734863,-0.0056360462475218975
747,2019-12-20,6.070000171661377,-0.017004051146594534
748,2019-12-23,5.980000019073486,-0.014827042840635962
749,2019-12-24,5.900000095367432,-0.013377913620550408
750,2019-12-26,5.989999771118164,0.015254182084064372
751,2019-12-27,5.889999866485596,-0.016694475534829833
752,2019-12-30,5.78000020980835,-0.01867566369621665
753,2019-12-31,5.920000076293945,0.024221429308605158
754,2020-01-02,6.059999942779541,0.02364862579076843
755,2020-01-03,6.139999866485596,0.013201307666904194
756,2020-01-06,6.119999885559082,-0.003257325954627577
757,2020-01-07,6.090000152587891,-0.004901917243818832
758,2020-01-08,6.0,-0.014778349808356905
759,2020-01-09,5.860000133514404,-0.023333311080932617
760,2020-01-10,5.829999923706055,-0.0051194896117446875
761,2020-01-13,5.380000114440918,-0.07718693227341888
762,2020-01-14,5.289999961853027,-0.016728652541533107
763,2020-01-15,5.340000152587891,0.009451831965108237
764,2020-01-16,5.429999828338623,0.0168538713818418
765,2020-01-17,5.300000190734863,-0.02394100215718331
766,2020-01-21,5.179999828338623,-0.022641576995792834
767,2020-01-22,5.550000190734863,0.07142864375632807
768,2020-01-23,5.53000020980835,-0.0036036000430957893
769,2020-01-24,5.53000020980835,0.0
770,2020-01-27,5.489999771118164,-0.007233352110771807
771,2020-01-28,5.320000171661377,-0.03096531995340368
772,2020-01-29,5.139999866485596,-0.033834642738285736
773,2020-01-30,5.079999923706055,-0.01167314092180416
774,2020-01-31,4.880000114440918,-0.0393700417852032
775,2020-02-03,4.590000152587891,-0.05942622029758937
776,2020-02-04,4.900000095367432,0.06753811165011836
777,2020-02-05,4.809999942779541,-0.018367377721681843
778,2020-02-06,4.53000020980835,-0.05821200338921184
779,2020-02-07,4.300000190734863,-0.05077262879049993
780,2020-02-10,4.429999828338623,0.030232472520319353
781,2020-02-11,4.5,0.015801393763852367
782,2020-02-12,4.28000020980835,-0.04888884226481116
783,2020-02-13,4.119999885559082,-0.037383251496717174
784,2020-02-14,4.190000057220459,0.01699033339945788
785,2020-02-18,4.21999979019165,0.007159840706802312
786,2020-02-19,4.800000190734863,0.13744086004252432
787,2020-02-20,4.5,-0.06250003725290154
788,2020-02-21,4.039999961853027,-0.10222223069932723
789,2020-02-24,3.990000009536743,-0.012376225937722696
790,2020-02-25,4.0,0.002506263268008846
791,2020-02-26,3.819999933242798,-0.04500001668930054
792,2020-02-27,3.4800000190734863,-0.08900521468875666
793,2020-02-28,3.619999885559082,0.040229846470767994
794,2020-03-02,3.859999895095825,0.06629834727181949
795,2020-03-03,3.7899999618530273,-0.01813469822414593
796,2020-03-04,3.7699999809265137,-0.005277039875413392
797,2020-03-05,3.4600000381469727,-0.08222810194904973
798,2020-03-06,3.609999895095825,0.0433525593338393
799,2020-03-09,3.4800000190734863,-0.036011047036024424
800,2020-03-10,3.490000009536743,0.0028735604621976663
801,2020-03-11,3.140000104904175,-0.10028650535133576
802,2020-03-12,2.9200000762939453,-0.07006370103829773
803,2020-03-13,3.069999933242798,0.05136981268138596
804,2020-03-16,2.630000114440918,-0.14332241966439208
805,2020-03-17,2.7300000190734863,0.03802277577232216
806,2020-03-18,2.559999942779541,-0.062271089782497624
807,2020-03-19,2.9600000381469727,0.15625004074536353
808,2020-03-20,2.9600000381469727,0.0
809,2020-03-23,2.900000095367432,-0.020270250677801305
810,2020-03-24,3.839999914169312,0.32413785789299476
811,2020-03-25,3.869999885559082,0.007812492724042164
812,2020-03-26,6.130000114440918,0.5839794045769962
813,2020-03-27,5.150000095367432,-0.1598694944172716
814,2020-03-30,5.050000190734863,-0.019417456850636006
815,2020-03-31,4.190000057220459,-0.17029704970946924
816,2020-04-01,4.019999980926514,-0.040572810017267424
817,2020-04-02,3.609999895095825,-0.10199007158606832
818,2020-04-03,5.139999866485596,0.4238227190721726
819,2020-04-06,5.25,0.021400804741579682
820,2020-04-07,4.590000152587891,-0.12571425664992564
821,2020-04-08,4.659999847412109,0.015250477668230955
822,2020-04-09,5.170000076293945,0.10944211278570326
823,2020-04-13,5.079999923706055,-0.01740815304830834
824,2020-04-14,5.019999980926514,-0.011811012535560939
825,2020-04-15,4.900000095367432,-0.023904359763948557
826,2020-04-16,5.110000133514404,0.04285714980812161
827,2020-04-17,5.760000228881836,0.12720158089710143
828,2020-04-20,6.179999828338623,0.07291659423046926
829,2020-04-21,6.329999923706055,0.024271860766015063
830,2020-04-22,7.199999809265137,0.13744074187124466
831,2020-04-23,7.710000038146973,0.07083336699892073
832,2020-04-24,8.699999809265137,0.1284046389390292
833,2020-04-27,9.300000190734863,0.06896556260044417
834,2020-04-28,9.300000190734863,0.0
835,2020-04-29,8.949999809265137,-0.03763444884855105
836,2020-04-30,7.760000228881836,-0.1329608498037509
837,2020-05-01,7.789999961853027,0.003865944856487946
838,2020-05-04,8.029999732971191,0.03080869990929691
839,2020-05-05,8.539999961853027,0.06351186125047725
840,2020-05-06,9.140000343322754,0.070257656223635
841,2020-05-07,9.239999771118164,0.010940856021790513
842,2020-05-08,9.359999656677246,0.012987000923330161
843,2020-05-11,10.880000114440918,0.16239321725608535
844,2020-05-12,11.449999809265137,0.05238967728204935
845,2020-05-13,10.989999771118164,-0.040174676489928784
846,2020-05-14,11.300000190734863,0.028207500097623628
847,2020-05-15,11.210000038146973,-0.007964615138828401
848,2020-05-18,11.390000343322754,0.01605711905113738
849,2020-05-19,10.59000015258789,-0.07023706467259705
850,2020-05-20,11.06999969482422,0.0453257351577121
851,2020-05-21,11.010000228881836,-0.00542000610627269
852,2020-05-22,10.90999984741211,-0.009082686593175682
853,2020-05-26,10.5600004196167,-0.03208060794596901
854,2020-05-27,10.420000076293944,-0.013257607742390376
855,2020-05-28,9.890000343322754,-0.0508636976094623
856,2020-05-29,9.380000114440918,-0.051567260988637176
857,2020-06-01,10.479999542236328,0.11727072647919412
858,2020-06-02,10.539999961853027,0.005725231129532604
859,2020-06-03,11.34000015258789,0.0759013466442382
860,2020-06-04,10.890000343322754,-0.03968252232892988
861,2020-06-05,10.56999969482422,-0.029384815280997012
862,2020-06-08,11.84000015258789,0.1201514185838195
863,2020-06-09,10.75,-0.09206082251186853
864,2020-06-10,10.0,-0.06976744186046513
865,2020-06-11,9.56999969482422,-0.04300003051757795
866,2020-06-12,9.859999656677246,0.030303027283257622
867,2020-06-15,10.18000030517578,0.03245442795546416
868,2020-06-16,10.210000038146973,0.002946928494288903
869,2020-06-17,10.75,0.052889320258125316
870,2020-06-18,10.649999618530272,-0.009302361066951481
871,2020-06-19,10.5,-0.01408447172798788
872,2020-06-22,10.489999771118164,-0.0009524027506510047
873,2020-06-23,9.710000038146973,-0.07435650619542855
874,2020-06-24,7.579999923706055,-0.2193614939313019
875,2020-06-25,7.670000076293945,0.01187337117331877
876,2020-06-26,6.900000095367432,-0.10039113080407802
877,2020-06-29,7.525000095367432,0.09057970889299205
878,2020-06-30,7.199999809265137,-0.04318940624364542
879,2020-07-01,7.159999847412109,-0.005555550404536702
880,2020-07-02,7.409999847412109,0.03491620186142308
881,2020-07-06,7.28000020980835,-0.017543811104012486
882,2020-07-07,7.139999866485596,-0.019230815836259407
883,2020-07-08,7.119999885559082,-0.0028011178292021155
884,2020-07-09,7.110000133514404,-0.0014044595794108217
885,2020-07-10,7.199999809265137,0.012658182005721885
886,2020-07-13,7.139999866485596,-0.008333325606805109
887,2020-07-14,7.210000038146973,0.00980394579416588
888,2020-07-15,7.764999866485596,0.07697639742055573
889,2020-07-16,8.220000267028809,0.05859631788366593
890,2020-07-17,8.289999961853027,0.008515777682513548
891,2020-07-20,7.960000038146973,-0.0398069873612269
892,2020-07-21,7.710000038146973,-0.03140703502536646
893,2020-07-22,7.940000057220459,0.029831390134307245
894,2020-07-23,7.840000152587891,-0.01259444633651241
895,2020-07-24,8.300000190734863,0.058673473111493735
896,2020-07-27,8.09000015258789,-0.025301208833873545
897,2020-07-28,7.96999979019165,-0.014833171833483094
898,2020-07-29,8.270000457763672,0.03764123908023431
899,2020-07-30,9.050000190734863,0.09431677022931084
900,2020-07-31,9.020000457763672,-0.0033148875512626352
901,2020-08-03,9.100000381469728,0.008869170692469286
902,2020-08-04,8.220000267028809,-0.09670330522544357
903,2020-08-05,7.994999885559082,-0.02737230829203552
904,2020-08-06,7.619999885559082,-0.04690431586838939
905,2020-08-07,7.429999828338623,-0.024934391085823293
906,2020-08-10,7.5,0.009421288462805988
907,2020-08-11,7.164999961853027,-0.04466667175292971
908,2020-08-12,7.099999904632568,-0.009071885215146347
909,2020-08-13,7.320000171661377,0.03098595351885347
910,2020-08-14,7.349999904632568,0.004098324080282545
911,2020-08-17,7.539999961853027,0.025850348256563294
912,2020-08-18,7.949999809265137,0.054376637862919575
913,2020-08-19,7.980000019073486,0.003773611387183573
914,2020-08-20,7.800000190734863,-0.022556369412079502
915,2020-08-21,7.820000171661377,0.0025641000560834293
916,2020-08-24,7.329999923706055,-0.06265987687967278
917,2020-08-25,7.53000020980835,0.027285168920052838
918,2020-08-26,7.679999828338623,0.019920267510071143
919,2020-08-27,7.349999904632568,-0.04296874102631876
920,2020-08-28,7.489999771118164,0.019047601129539737
921,2020-08-31,7.409999847412109,-0.010680898017452423
922,2020-09-01,7.289999961853027,-0.016194316873163084
923,2020-09-02,7.929999828338623,0.08779147734356307
924,2020-09-03,7.960000038146973,0.0037831286831988553
925,2020-09-04,7.409999847412109,-0.0690955010174722
926,2020-09-08,7.550000190734863,0.018893434035851975
927,2020-09-09,6.820000171661377,-0.09668874180550624
928,2020-09-10,7.070000171661377,0.03665689057293653
929,2020-09-11,7.079999923706055,0.0014143920511855423
930,2020-09-14,7.269999980926514,0.026836166563262154
931,2020-09-15,7.800000190734863,0.07290236742762746
932,2020-09-16,8.25,0.05769228182835984
933,2020-09-17,8.489999771118164,0.02909088134765625
934,2020-09-18,8.600000381469727,0.012956491556780803
935,2020-09-21,8.140000343322754,-0.05348837415613683
936,2020-09-22,5.400000095367432,-0.3366093528734241
937,2020-09-23,4.789999961853027,-0.11296298569285457
938,2020-09-24,4.820000171661377,0.006263091867905635
939,2020-09-25,5.21999979019165,0.08298746976857463
940,2020-09-28,4.96999979019165,-0.04789272223147378
941,2020-09-29,4.880000114440918,-0.018108587434620738
942,2020-09-30,4.929999828338623,0.010245842771549496
943,2020-10-01,4.739999771118164,-0.038539566701057626
944,2020-10-02,4.929999828338623,0.04008440219304865
945,2020-10-05,5.070000171661377,0.028397636551223293
946,2020-10-06,4.929999828338623,-0.027613479010372033
947,2020-10-07,5.079999923706055,0.03042598389257556
948,2020-10-08,5.28000020980835,0.03937013565078695
949,2020-10-09,5.400000095367432,0.022727250149756628
950,2020-10-12,5.480000019073486,0.01481480042466754
951,2020-10-13,5.760000228881836,0.05109492861930498
952,2020-10-14,5.75,-0.0017361507785524921
953,2020-10-15,5.789999961853027,0.006956515104874272
954,2020-10-16,5.590000152587891,-0.03454228162052164
955,2020-10-19,5.199999809265137,-0.06976750137335919
956,2020-10-20,5.150000095367432,-0.009615329948400753
957,2020-10-21,5.059999942779541,-0.017475757460441277
958,2020-10-22,4.989999771118164,-0.013834026176475556
959,2020-10-23,5.019999980926514,0.006012066369619706
960,2020-10-26,3.0299999713897705,-0.3964143460354077
961,2020-10-27,3.0299999713897705,0.0
962,2020-10-28,3.4100000858306885,0.12541258020759094
963,2020-10-29,3.470000028610229,0.01759529069481669
964,2020-10-30,3.1600000858306885,-0.08933715856587432
965,2020-11-02,2.990000009536743,-0.05379749103685749
966,2020-11-03,3.140000104904175,0.0501672558157189
967,2020-11-04,3.109999895095825,-0.00955420662613804
968,2020-11-05,3.390000104904175,0.090032224840227
969,2020-11-06,3.2699999809265137,-0.03539826556467118
970,2020-11-09,3.390000104904175,0.036697285834130344
971,2020-11-10,3.539999961853028,0.04424774404338638
972,2020-11-11,3.5999999046325684,0.016949136561044797
973,2020-11-12,3.690000057220459,0.025000043047800125
974,2020-11-13,3.859999895095825,0.046070416053982655
975,2020-11-16,3.950000047683716,0.023316102340374956
976,2020-11-17,4.010000228881836,0.015189919107293282
977,2020-11-18,3.880000114440918,-0.03241897930693327
978,2020-11-19,4.074999809265137,0.05025765182285746
979,2020-11-20,4.429999828338623,0.08711657317537513
980,2020-11-23,4.309999942779541,-0.027088011333870732
981,2020-11-24,4.389999866485596,0.018561467463607872
982,2020-11-25,4.550000190734863,0.03644654421763249
983,2020-11-27,4.639999866485596,0.01978014768746572
984,2020-11-30,4.599999904632568,-0.008620681681899223
985,2020-12-01,4.360000133514404,-0.05217386436822857
986,2020-12-02,4.539999961853027,0.041284363033615934
987,2020-12-03,4.639999866485596,0.02202641089709445
988,2020-12-04,4.489999771118164,-0.032327607690438076
989,2020-12-07,4.559999942779541,0.015590239472093481
990,2020-12-08,4.519999980926514,-0.008771921569070362
991,2020-12-09,4.570000171661377,0.011061989147312934
992,2020-12-10,4.869999885559082,0.06564544915293591
993,2020-12-11,5.300000190734863,0.08829575262431799
994,2020-12-14,4.840000152587891,-0.08679245690426896
995,2020-12-15,4.739999771118164,-0.02066123518947771
996,2020-12-16,4.489999771118164,-0.05274261858055429
997,2020-12-17,4.599999904632568,0.024498917399055964
998,2020-12-18,4.46999979019165,-0.028260895029584066
999,2020-12-21,4.53000020980835,0.013422913295959349
1000,2020-12-22,4.460000038146973,-0.01545257580999948
1001,2020-12-23,4.579999923706055,0.026905803706885
1002,2020-12-24,4.409999847412109,-0.037117921206510474
1003,2020-12-28,4.190000057220459,-0.04988657546570019
1004,2020-12-29,4.0,-0.045346075089674365
1005,2020-12-30,4.130000114440918,0.03250002861022949
1006,2020-12-31,3.900000095367432,-0.05569007571434925
1007,2021-01-04,3.990000009536743,0.02307690050475042
1008,2021-01-05,4.170000076293945,0.04511279857818873
1009,2021-01-06,4.489999771118164,0.07673853452506796
1010,2021-01-07,4.409999847412109,-0.017817355853925076
1011,2021-01-08,4.559999942779541,0.03401362824433085
1012,2021-01-11,4.510000228881836,-0.010964849676561195
1013,2021-01-12,5.119999885559082,0.13525490592457978
1014,2021-01-13,5.53000020980835,0.0800781901198222
1015,2021-01-14,5.28000020980835,-0.0452079548851706
1016,2021-01-15,4.820000171661377,-0.08712121588413146
1017,2021-01-19,4.78000020980835,-0.008298746976857507
1018,2021-01-20,4.590000152587891,-0.039748964201003045
1019,2021-01-21,4.699999809265137,0.02396506601753101
1020,2021-01-22,4.789999961853027,0.019148969412822625
1021,2021-01-25,4.630000114440918,-0.03340289116624817
1022,2021-01-26,4.610000133514404,-0.004319650201332403
1023,2021-01-27,4.400000095367432,-0.04555315229175072
1024,2021-01-28,4.28000020980835,-0.027272700672307915
1025,2021-01-29,4.429999828338623,0.03504663812551301
1026,2021-02-01,4.489999771118164,0.013544005666935366
1027,2021-02-02,4.510000228881836,0.004454445163299292
1028,2021-02-03,4.579999923706055,0.015520995847393415
1029,2021-02-04,4.869999885559082,0.06331877001831132
1030,2021-02-05,5.010000228881836,0.02874750443791463
1031,2021-02-08,5.25,0.04790414374326857
1032,2021-02-09,5.320000171661377,0.013333366030738425
1033,2021-02-10,5.059999942779541,-0.04887222189706075
1034,2021-02-11,5.329999923706055,0.053359680628414896
1035,2021-02-12,5.519999980926514,0.03564729079552187
1036,2021-02-16,5.230000019073486,-0.05253622515490508
1037,2021-02-17,5.349999904632568,0.02294452870391006
1038,2021-02-18,5.130000114440918,-0.04112145684360713
1039,2021-02-19,5.110000133514404,-0.003898631672582975
1040,2021-02-22,4.920000076293945,-0.037182006312353355
1041,2021-02-23,4.630000114440918,-0.05894308076342014
1042,2021-02-24,4.630000114440918,0.0
1043,2021-02-25,4.460000038146973,-0.03671707820561754
1044,2021-02-26,4.449999809265137,-0.0022422037659871608
1045,2021-03-01,4.5,0.011235998399541591
1046,2021-03-02,4.570000171661377,0.015555593702528236
1047,2021-03-03,4.340000152587891,-0.05032822985428298
1048,2021-03-04,4.190000057220459,-0.0345622327404731
1049,2021-03-05,4.230000019073486,0.00954653014481388
1050,2021-03-08,4.039999961853027,-0.04491727100797405
1051,2021-03-09,4.409999847412109,0.09158413095364826
1052,2021-03-10,4.460000038146973,0.01133791212355817
1053,2021-03-11,4.78000020980835,0.07174891679918671
1054,2021-03-12,4.579999923706055,-0.04184106220160899
1055,2021-03-15,4.730000019073486,0.03275111307121037
1056,2021-03-16,4.900000095367432,0.03594081936753257
1057,2021-03-17,5.090000152587891,0.03877552112704841
1058,2021-03-18,4.659999847412109,-0.08447942873973346
1059,2021-03-19,4.610000133514404,-0.010729552689893729
1060,2021-03-22,4.570000171661377,-0.00867678106172498
1061,2021-03-23,4.440000057220459,-0.02844641346997101
1062,2021-03-24,4.260000228881836,-0.04054050135560294
1063,2021-03-25,4.449999809265137,0.044600838069243975
1064,2021-03-26,4.25,-0.04494377928932192
1065,2021-03-29,4.119999885559082,-0.030588262221392437
1066,2021-03-30,4.349999904632568,0.05582524889858709
1067,2021-03-31,4.309999942779541,-0.00919539373102718
1068,2021-04-01,4.480000019073486,0.03944317367770345
1069,2021-04-05,4.75,0.06026785262879364
1070,2021-04-06,4.519999980926514,-0.048421056647049765
1071,2021-04-07,4.210000038146973,-0.06858405842647741
1072,2021-04-08,4.480000019073486,0.06413301151544748
1073,2021-04-09,4.570000171661377,0.020089319688552987
1074,2021-04-12,4.349999904632568,-0.04814010038621719
1075,2021-04-13,4.320000171661377,-0.006896490489400442
1076,2021-04-14,4.210000038146973,-0.02546299285726661
1077,2021-04-15,4.050000190734863,-0.03800471400530747
1078,2021-04-16,3.880000114440918,-0.04197532550315741
1079,2021-04-19,3.559999942779541,-0.0824742686141613
1080,2021-04-20,3.430000066757202,-0.036516819694339286
1081,2021-04-21,3.490000009536743,0.01749269434745715
1082,2021-04-22,3.7799999713897705,0.08309454471649746
1083,2021-04-23,3.819999933242798,0.010582000570312333
1084,2021-04-26,3.920000076293945,0.026178048376628293
1085,2021-04-27,3.7699999809265137,-0.03826532970612706
1086,2021-04-28,3.680000066757202,-0.023872656399110403
1087,2021-04-29,3.680000066757202,0.0
1088,2021-04-30,3.4200000762939453,-0.07065217003986834
1089,2021-05-03,3.309999942779541,-0.03216378101184281
1090,2021-05-04,3.390000104904175,0.0241692336880992
1091,2021-05-05,3.1700000762939453,-0.06489676159359536
1092,2021-05-06,3.2699999809265137,0.0315457104813317
1093,2021-05-07,3.2100000381469727,-0.018348606461624728
1094,2021-05-10,2.940000057220459,-0.084112142591243
1095,2021-05-11,3.039999961853028,0.03401357234227764
1096,2021-05-12,3.069999933242798,0.009868411765203922
1097,2021-05-13,3.190000057220459,0.039087989116308064
1098,2021-05-14,3.3299999237060547,0.043887104694155354
1099,2021-05-17,3.309999942779541,-0.006006000415836432
1100,2021-05-18,3.440000057220459,0.03927495972454653
1101,2021-05-19,3.5999999046325684,0.04651158277636491
1102,2021-05-20,3.5,-0.02777775202268362
1103,2021-05-21,3.369999885559082,-0.03714288984026226
1104,2021-05-24,3.319999933242798,-0.014836781606593186
1105,2021-05-25,3.220000028610229,-0.030120453808230696
1106,2021-05-26,3.5,0.08695651208134314
1107,2021-05-27,3.680000066757202,0.051428590502057725
1108,2021-05-28,3.619999885559082,-0.016304396768935914
1109,2021-06-01,3.930000066757202,0.08563541187798762
1110,2021-06-02,3.849999904632568,-0.020356275003996505
1111,2021-06-03,3.700000047683716,-0.03896100276999037
1112,2021-06-04,3.549999952316284,-0.04054056579305587
1113,2021-06-07,3.849999904632568,0.08450702995658954
1114,2021-06-08,3.940000057220459,0.02337666358889967
1115,2021-06-09,4.039999961853027,0.0253806860863639
1116,2021-06-10,4.079999923706055,0.009900980750178201
1117,2021-06-11,4.119999885559082,0.00980391240220757
1118,2021-06-14,3.9800000190734863,-0.03398055106173814
1119,2021-06-15,3.930000066757202,-0.01256280202931348
1120,2021-06-16,3.809999942779541,-0.030534382172842545
1121,2021-06-17,3.819999933242798,0.0026246694523468506
1122,2021-06-18,3.680000066757202,-0.03664918034874143
1123,2021-06-21,3.539999961853028,-0.038043506077308775
1124,2021-06-22,3.640000104904175,0.028248628284956778
1125,2021-06-23,3.650000095367432,0.002747250048093175
1126,2021-06-24,3.549999952316284,-0.02739729875022956
1127,2021-06-25,3.5999999046325684,0.01408449379940424
1128,2021-06-28,4.159999847412109,0.15555554378179814
1129,2021-06-29,4.119999885559082,-0.0096153757981291
1130,2021-06-30,3.859999895095825,-0.06310679555467391
1131,2021-07-01,4.349999904632568,0.1269430111019676
1132,2021-07-02,4.170000076293945,-0.04137927178962253
1133,2021-07-06,3.940000057220459,-0.05515587886461071
1134,2021-07-07,3.660000085830689,-0.07106598155414767
1135,2021-07-08,3.839999914169312,0.0491802798135097
1136,2021-07-09,3.880000114440918,0.010416719053562451
1137,2021-07-12,3.7799999713897705,-0.025773231984957512
1138,2021-07-13,3.680000066757202,-0.026455001425780944
1139,2021-07-14,3.509999990463257,-0.04619567206794872
1140,2021-07-15,3.4600000381469727,-0.014245000698614008
1141,2021-07-16,3.4100000858306885,-0.014450853111279693
1142,2021-07-19,3.490000009536743,0.023460387593088994
1143,2021-07-20,3.619999885559082,0.037249248042149574
1144,2021-07-21,3.829999923706055,0.05801106209552831
1145,2021-07-22,3.849999904632568,0.00522192723888093
1146,2021-07-23,3.700000047683716,-0.03896100276999037
1147,2021-07-26,3.5,-0.05405406624492348
1148,2021-07-27,3.369999885559082,-0.03714288984026226
1149,2021-07-28,3.4600000381469727,0.026706277639223064
1150,2021-07-29,3.4800000190734863,0.005780341244511877
1151,2021-07-30,3.390000104904175,-0.02586204415977933
1152,2021-08-02,3.5199999809265137,0.03834804483760146
1153,2021-08-03,3.4600000381469727,-0.017045438382004785
1154,2021-08-04,3.3299999237060547,-0.03757228699643034
1155,2021-08-05,3.3499999046325684,0.006006000415836432
1156,2021-08-06,3.2699999809265137,-0.023880574920442932
1157,2021-08-09,3.319999933242798,0.015290505384687236
1158,2021-08-10,3.130000114440918,-0.05722886223563817
1159,2021-08-11,3.200000047683716,0.022364195106523654
1160,2021-08-12,3.2300000190734863,0.00937499091960503
1161,2021-08-13,2.9749999046325684,-0.07894740338548478
1162,2021-08-16,2.9800000190734863,0.0016807107903202834
1163,2021-08-17,2.9600000381469727,-0.006711402952518042
1164,2021-08-18,2.950000047683716,-0.0033783751129669026
